http://700gallery.tumblr.com/,https://web.archive.org/web/20130623103418/http://700gallery.tumblr.com/
http://annalundh.com/QQ2022/,http://annalundh.com/QQ2022/
http://archive.rhizome.org:8080/exhibition/cyborg/index.html,http://archive.rhizome.org:8080/exhibition/cyborg/index.html
http://archive.rhizome.org:8080/exhibition/interface/,http://archive.rhizome.org:8080/exhibition/interface/
http://archive.rhizome.org:8080/exhibition/Low_Level_All_Stars/,http://archive.rhizome.org:8080/exhibition/Low_Level_All_Stars/
http://archive.rhizome.org:8080/exhibition/splashback/,http://archive.rhizome.org:8080/exhibition/splashback/
http://archive.rhizome.org/exhibition/montage/projects.php,http://archive.rhizome.org/exhibition/montage/projects.php
http://archive.rhizome.org/exhibition/timeshares/,http://archive.rhizome.org/exhibition/timeshares/
http://archive.rhizome.org/exhibition/timeshares/touring.php,http://archive.rhizome.org/exhibition/timeshares/touring.php
http://archive.rhizome.org/exhibition/ya_heard/,http://archive.rhizome.org/exhibition/ya_heard/
http://archive.rhizome.org/frontpage-exhibitions/crespo.html,http://archive.rhizome.org/frontpage-exhibitions/crespo.html
http://archive.rhizome.org/frontpage-exhibitions/ISCA/isca.html,http://archive.rhizome.org/frontpage-exhibitions/ISCA/isca.html
http://archive.rhizome.org/frontpage-exhibitions/opening-the-kimono/,http://archive.rhizome.org/frontpage-exhibitions/opening-the-kimono/
http://artchive.com/,http://artchive.com/
http://artmicropatronage.org/,http://artmicropatronage.org/
http://artnetweb.com/,http://artnetweb.com/
http://audmcrs.coryarcangel.com/,http://audmcrs.coryarcangel.com/
http://bmruernpnhay.com/cavrncode.html,http://bmruernpnhay.com/cavrncode.html
http://chrystalgallery.info/,http://chrystalgallery.info/
http://clickgallery.us/,https://web.archive.org/web/20130514041348/http://clickgallery.us/
http://clubinternet.org/,http://clubinternet.org/
http://collectivepractices.acudmachtneu.de/,http://collectivepractices.acudmachtneu.de/
http://dallasbiennial.org/,http://dallasbiennial.org/
http://decenterarmory.com:80/network/,https://web.archive.org/web/20180104123120/http://decenterarmory.com:80/network/
http://dinakelberman.com/smokeandfire/,http://dinakelberman.com/smokeandfire/
http://disembodiedselfie.tumblr.com/,http://disembodiedselfie.tumblr.com/
http://dismagazine.com/disco/59592/sonic-chatroulette/,http://dismagazine.com/disco/59592/sonic-chatroulette/
http://dissociations.com/,http://dissociations.com/
http://donotlink.org/,http://donotlink.org/
http://exhibition-on-a4.com/,http://exhibition-on-a4.com/
http://expositions.bnf.fr/rouge/index.htm,http://expositions.bnf.fr/rouge/index.htm
http://fffff.at/fuckflickr/,https://web.archive.org/web/20191222155227/http://fffff.at/fuckflickr/
http://fifteenstars.com/,http://fifteenstars.com/
http://fm.geidai.ac.jp/openstudio/2020/,http://fm.geidai.ac.jp/openstudio/2020/
http://gallery9.walkerart.org/,http://gallery9.walkerart.org/
http://geidai-ram.jp/rampractice2020/,http://geidai-ram.jp/rampractice2020/
http://hgjfkdhskjdgturrgehdsbjkfhdsjkahturaytklfdjjfjfff.net/blackroom.html,http://hgjfkdhskjdgturrgehdsbjkfhdsjkahturaytklfdjjfjfff.net/blackroom.html
http://historyof.place/story/maison-dieu-living-on-the-road-to-canterbury/,http://historyof.place/story/maison-dieu-living-on-the-road-to-canterbury/
http://hornylilfeminist.com/index.php/project/butterface-striptease/,http://hornylilfeminist.com/index.php/project/butterface-striptease/
http://interversion.org/,http://interversion.org/
http://interversion.org/documenta-x/,http://interversion.org/documenta-x/
http://irational.org/cern/,http://irational.org/cern/
http://jonippolito.net/cyberatlas/cyberatlas_archive/home/index.html,http://jonippolito.net/cyberatlas/cyberatlas_archive/home/index.html
http://jstchillin.org/schedule/,http://jstchillin.org/schedule/
http://koreawebart.org/,http://koreawebart.org/
http://light.softopia.pref.gifu.jp/,https://web.archive.org/web/19961231070704/http://light.softopia.pref.gifu.jp/
http://lunch-bytes.com/platform/,http://lunch-bytes.com/platform/
http://media.rhizome.org/brushes/index.html,http://media.rhizome.org/brushes/index.html
http://net.artdatabase.org/,http://net.artdatabase.org/
http://netart-datenbank.org/,http://netart-datenbank.org/
http://netart.org.uy/latino/,http://netart.org.uy/latino/
http://netartnet.net/,http://netartnet.net/
http://netarts.org/,http://netarts.org/
http://netescopio.meiac.es/,http://netescopio.meiac.es/
http://netpioneers.info/,http://web.archive.org/web/20140517163630/http://netpioneers.info/
http://netspecific.net/en,http://netspecific.net/en
http://netzspannung.org/index_en_static.html,http://web.archive.org/web/20160304190833/http://netzspannung.org/index_en_static.html
http://newmuseum.abovegroundanimation.com/,https://web.archive.org/web/20121001184147/http://newmuseum.abovegroundanimation.com/
http://nm.xxith.com/,http://nm.xxith.com/
http://openmuseum.berkeley.edu/,http://web.archive.org/web/20140712074042/http://openmuseum.berkeley.edu/
http://padiglioneinternet.com/,http://padiglioneinternet.com/
http://paperrad.org/,http://paperrad.org/
http://printfiction.net/,http://printfiction.net/
http://project.arnolfini.org.uk:80/?t=5,https://web.archive.org/web/20150220050923/http://project.arnolfini.org.uk:80/?t=5
http://public-access.me/,http://public-access.me/
http://readingtrayvonmartin.com/,https://web.archive.org/web/20130703165807/http://readingtrayvonmartin.com/
http://remembercarthage.com/,http://remembercarthage.com/
http://screen-talk.com/,http://screen-talk.com/
http://shugoarts.com/news/15936/,http://shugoarts.com/news/15936/
http://slimedaughter.com/nymph/,http://slimedaughter.com/nymph/
http://softmobility.tumblr.com/,http://softmobility.tumblr.com/
http://somebodyapp.com/,http://somebodyapp.com/
http://spamm.fr/,http://spamm.fr/
http://special.ycam.jp/quartets/,http://special.ycam.jp/quartets/
http://thing.net/,http://thing.net/
http://timeline.manetas.com/situations/virtualworlds/,http://timeline.manetas.com/situations/virtualworlds/
http://topmuseum.jp/contents/exhibition/index-3451.html,http://topmuseum.jp/contents/exhibition/index-3451.html
http://turbulence.org/,http://turbulence.org/
http://unlimitedgti.com/,http://unlimitedgti.com/
http://we-link.chronusartcenter.org/,http://we-link.chronusartcenter.org/
http://we-link.chronusartcenter.org/teneasypieces/,http://we-link.chronusartcenter.org/teneasypieces/
http://whitneybiennial.com/,http://whitneybiennial.com/
http://willwestlake.com.s3-website-us-east-1.amazonaws.com/therub/,http://willwestlake.com.s3-website-us-east-1.amazonaws.com/therub/
http://www.accidentalpurpose.net/,https://web.archive.org/web/20130812180714/http://www.accidentalpurpose.net/
http://www.adaweb.com/,http://www.adaweb.com/
http://www.altx.com/ds/,http://www.altx.com/ds/
http://www.altx.com/hyperx/,http://www.altx.com/hyperx/
http://www.americanmedium.net/,http://www.americanmedium.net/
http://www.angelidakis.com/_PAGES/NeenWorld.htm,http://www.angelidakis.com/_PAGES/NeenWorld.htm
http://www.bubblebyte.org/,http://www.bubblebyte.org/
http://www.computersincrisis.com/,http://www.computersincrisis.com/
http://www.desktopresidency.com/,http://www.desktopresidency.com/
http://www.domain-gallery.net/,https://web.archive.org/web/20191216171158/http://www.domain-gallery.net/
http://www.duoxduox.com/boyd,http://www.duoxduox.com/boyd
http://www.easteast.org/web/,http://www.easteast.org/web/
http://www.fa-g.org/2013,https://web.archive.org/web/20140320011325if_/http://www.fa-g.org/2013
http://www.fnmapo.org/,https://web.archive.org/web/20130425081208/http://fnmapo.org/
http://www.getty.edu/research/exhibitions_events/exhibitions/bauhaus/new_artist/,http://www.getty.edu/research/exhibitions_events/exhibitions/bauhaus/new_artist/
http://www.ibiblio.org/wm/,http://www.ibiblio.org/wm/
http://www.idd.tamabi.ac.jp/art/exhibit/vc2020/,http://www.idd.tamabi.ac.jp/art/exhibit/vc2020/
http://www.imageatlas.org/,http://www.imageatlas.org/
http://www.javamuseum.org/,http://www.javamuseum.org/
http://www.klausgallery.net/toyoumyimmortalflame.html,http://www.klausgallery.net/toyoumyimmortalflame.html
http://www.lhham.com.sg/,http://www.lhham.com.sg/
http://www.manetas.com/desert/,http://www.manetas.com/desert/
http://www.mix-m.org/,http://www.mix-m.org/
http://www.movingimage.us/,http://www.movingimage.us/
http://www.netbase.org/t0/intro,http://www.netbase.org/t0/intro
http://www.picture-city-body.net/,http://www.picture-city-body.net/
http://www.reliablecommunications.net/,http://www.reliablecommunications.net/
http://www.sfmoma.org/espace/espace_overview.html,http://web.archive.org/web/20080215025649/http://www.sfmoma.org/espace/espace_overview.html
http://www.subvertr.com/,https://web.archive.org/web/20070225091441/http://www.subvertr.com/
http://www.upstream.gallery,https://web.archive.org/web/20200412060939/http://www.upstream.gallery:80/
http://www.waseda.jp/prj-ushinawareta/,http://www.waseda.jp/prj-ushinawareta/
http://www.whisperingpines10.com/,http://www.whisperingpines10.com/
http://www.xpace.info/xweb-submissions-call/,http://www.xpace.info/xweb-submissions-call/
http://www2.tate.org.uk/intermediaart/,http://www2.tate.org.uk/intermediaart/
http://xcult.org/,http://xcult.org/
https://alternarratives.geidai.ac.jp/,https://web.archive.org/web/20200617195613/https://alternarratives.geidai.ac.jp/
https://ani-gif.com/about/,https://ani-gif.com/about/
https://anthology.rhizome.org/,https://anthology.rhizome.org/
https://archival-archetyping.github.io/exhibition-2020/,https://archival-archetyping.github.io/exhibition-2020/
https://archive.newmuseum.org/,https://archive.newmuseum.org/
https://art.colorado.edu/hiaff/,https://art.colorado.edu/hiaff/
https://artmap.com/projects/exhibition/the-new-easy-2009,https://artmap.com/projects/exhibition/the-new-easy-2009
https://artplus.com/,https://artplus.com/
https://artport.whitney.org/gatepages/index.shtml,https://artport.whitney.org/gatepages/index.shtml
https://artsandculture.google.com/,https://artsandculture.google.com/
https://artsandculture.google.com/project/castles-of-japan,https://artsandculture.google.com/project/castles-of-japan
https://biennale.tuad.ac.jp/,https://biennale.tuad.ac.jp/
https://cpucpucpu.art/host/,https://web.archive.org/web/20200501102104/https://cpucpucpu.art/host/
https://cultural.jp/,https://cultural.jp/
https://cyberfeminismindex.com/,https://cyberfeminismindex.com/
https://darkindependants.web.app/,https://darkindependants.web.app/
https://dis.art/,https://dis.art/
https://dis.art/a-good-crisis,https://dis.art/a-good-crisis
https://enron.email/,https://enron.email/
https://euskeoiwa.com/2020emergencycall/,https://web.archive.org/web/20200430060256/https://euskeoiwa.com/2020emergencycall/
https://euskeoiwa.com/2020gettinglost/,https://euskeoiwa.com/2020gettinglost/
https://flare.digitalfun.club/,https://flare.digitalfun.club/
https://garage.digital/en,https://garage.digital/en
https://geisai.geidai.ac.jp/2020/,https://geisai.geidai.ac.jp/2020/
https://hyper.ntticc.or.jp/,https://hyper.ntticc.or.jp/
https://itp.nyu.edu/shows/winter2020/,https://itp.nyu.edu/shows/winter2020/
https://kadist.org/program/things-entangling/,https://kadist.org/program/things-entangling/
https://keplersgardens.net/tBZsAms,https://keplersgardens.net/tBZsAms
https://kutanism.com/,https://kutanism.com/
https://likelike.glitch.me/?room=likelikeOutside,https://likelike.glitch.me/?room=likelikeOutside
https://livingculture.lixil.com/topics/gallery/g2-2008/,https://web.archive.org/web/20200808133428/https://livingculture.lixil.com/topics/gallery/g2-2008/
https://lostcollection.rct.uk/,https://lostcollection.rct.uk/
https://moca.virtual.museum/,https://moca.virtual.museum/
https://my.matterport.com/show/?m=S9i1qmZrEVQ&,https://my.matterport.com/show/?m=S9i1qmZrEVQ&
https://newblackportraitures.rhizome.org/,https://newblackportraitures.rhizome.org/
https://no-org.net/no/copy/right/,https://no-org.net/no/copy/right/
https://nondes.home.xs4all.nl/sneeze/,https://nondes.home.xs4all.nl/sneeze/
https://online-art-sightama.jp/,https://web.archive.org/web/20201106010312/https://online-art-sightama.jp/
https://online.archi-depot.com/,https://online.archi-depot.com/
https://online.domani-ten.com/,https://web.archive.org/web/20201004221310/https://online.domani-ten.com/
https://or-bits.com/,https://or-bits.com/
https://pedrotorres.net/,https://pedrotorres.net/
https://play.eevo.com/?narrative=i2y2zdbi&t=stROotg27mb6hjOUpNsnKboxzpga-3Yp3HQx3Zs8RIsfUxFty8Cahnka-Zd8vmux,https://play.eevo.com/?narrative=i2y2zdbi&t=stROotg27mb6hjOUpNsnKboxzpga-3Yp3HQx3Zs8RIsfUxFty8Cahnka-Zd8vmux
https://plexus.org/,https://plexus.org/
https://retrospectivestrata.org/,https://retrospectivestrata.org/
https://rhizome.org/editorial/2015/mar/2/first-look-poetry/,https://rhizome.org/editorial/2015/mar/2/first-look-poetry/
https://rhizome.org/exhibitions/raiders-of-the-lost-artbase/,https://rhizome.org/exhibitions/raiders-of-the-lost-artbase/
https://rhizome.org/sevenonseven/,https://rhizome.org/sevenonseven/
https://rintarofuse.com/covid19.html,https://rintarofuse.com/covid19.html
https://roomx.kemco.keio.ac.jp/,https://roomx.kemco.keio.ac.jp/
https://shapingoursorrow.cwgc.org/,https://shapingoursorrow.cwgc.org/
https://sites.rhizome.org/RLO/,https://sites.rhizome.org/RLO/
https://spac.or.jp/festival_on_the_cloud2020,https://spac.or.jp/festival_on_the_cloud2020
https://storage.smb.museum/Virtueller_Rundgang/Rundgang_MarkenZeichen/Marken_Zeichen.html,https://storage.smb.museum/Virtueller_Rundgang/Rundgang_MarkenZeichen/Marken_Zeichen.html
https://thestate.tumblr.com/,https://thestate.tumblr.com/
https://thewrong.org/,https://thewrong.org/
https://thewrong.tv/,https://thewrong.tv/
https://thingbbs.rhizome.org/,https://thingbbs.rhizome.org/
https://ubu.com/,https://ubu.com/
https://un-dead-link.topmuseum.jp/,https://un-dead-link.topmuseum.jp/
https://vimeo.com/337394969,https://vimeo.com/337394969
https://vimeo.com/ondemand/filmsfromnowhere/,https://vimeo.com/ondemand/filmsfromnowhere/
https://webbiennial.org/,https://webbiennial.org/
https://webenact.rhizome.org/either-we-inspire-or-we-expire/20151102190237/http://archive.rhizome.org:1996/,https://webenact.rhizome.org/either-we-inspire-or-we-expire/20151102190237/http://archive.rhizome.org:1996/
https://webenact.rhizome.org/excellences-and-perfections/,https://webenact.rhizome.org/excellences-and-perfections/
https://whitney.org/artport,https://whitney.org/artport
https://whitney.org/artport/commissions/sunrise-sunset,https://whitney.org/artport/commissions/sunrise-sunset
https://www.artbasel.com/ovr,https://www.artbasel.com/ovr
https://www.britishmuseum.org/collection,https://www.britishmuseum.org/collection
https://www.centrepompidou.fr/netart,https://www.centrepompidou.fr/netart
https://www.chinternetplus.com/,https://www.chinternetplus.com/
https://www.davidzwirner.com/viewing-room,https://www.davidzwirner.com/viewing-room
https://www.digitalcanon.nl/,https://www.digitalcanon.nl/
https://www.eyebeam.org/rapidresponse/,https://www.eyebeam.org/rapidresponse/
https://www.instagram.com/SocialDistanceGallery/,https://www.instagram.com/SocialDistanceGallery/
https://www.kahaku.go.jp/VR/,https://www.kahaku.go.jp/VR/
https://www.lincoln3dscans.co.uk/,https://www.lincoln3dscans.co.uk/
https://www.mori.art.museum/jp/exhibitions/mamdigital/index.html,https://web.archive.org/web/20200718154230/https://www.mori.art.museum/jp/exhibitions/mamdigital/index.html
https://www.mwoods.org/Art-Is-Still-Here-A-Hypothetical-Show-for-a-Closed-Museum,https://www.mwoods.org/Art-Is-Still-Here-A-Hypothetical-Show-for-a-Closed-Museum
https://www.net-art.org/,https://www.net-art.org/
https://www.newmuseum.org/exhibitions/online,https://www.newmuseum.org/exhibitions/online
https://www.royalacademy.org.uk/exhibition/ai-weiwei-360,https://www.royalacademy.org.uk/exhibition/ai-weiwei-360
https://www.siliconvalet.org/exhibition,https://web.archive.org/web/20200403065516/https://www.siliconvalet.org/exhibition
https://www.sito.org/,https://www.sito.org/
https://www.thebroad.org/art/browse,https://www.thebroad.org/art/browse
https://www.thisisours.us/,https://www.thisisours.us/
https://www.vip-hauserwirth.com/online-exhibitions/hauser-wirth-menorca-in-vr/,https://www.vip-hauserwirth.com/online-exhibitions/hauser-wirth-menorca-in-vr/
https://www.year01.com/archive/plunder/,https://www.year01.com/archive/plunder/
https://xmuseum.org/,https://xmuseum.org/